market_id,i,j,old_price,new_price,type,true_elasticity,pred_elasticity_deep,pred_elasticity_rcl,pred_elasticity_mnl,pred_elasticity_single,price_i,error_deep,error_rcl,error_mnl,error_single
0.0,0,0,2.141057114407428,2.355162825848171,self,-0.539308775093575,-0.7011171,-1.5325391,-1.530932,-1.4190776,2.141057114407428,-0.16180832323787642,-0.9932303541636271,-0.9916231745219035,-0.8797688597178264
0.0,0,1,2.7423195123374584,2.7423195123374584,cross,0.03715129586730859,-0.02689249,2.1970282,0.4289966,1.1573901,2.141057114407428,-0.0640437865522947,2.1598768642279063,0.3918452968927775,1.120238821777955
1.0,0,0,2.1117841738566674,2.322962591242334,self,-0.5347797384702333,-0.52014816,-1.1518496,-1.4905415,-0.63476694,2.1117841738566674,0.014631580396808008,-0.6170698890245787,-0.9557617196596495,-0.09998719783195176
1.0,0,1,3.0717074673027036,3.0717074673027036,cross,-0.009451797132205116,0.03980585,1.7007457,0.44895032,0.07776163,2.1117841738566674,0.04925764528365051,1.710197498922061,0.45840211761445915,0.08721342486591255
2.0,0,0,3.7888914315189433,4.167780574670838,self,-1.1942666100904877,-1.126557,-1.0283321,-2.9893692,-1.3307337,3.7888914315189433,0.06770961755966498,0.1659344958708222,-1.7951025438859527,-0.136467046792752
2.0,0,1,1.715872106661522,1.715872106661522,cross,0.07196779267606335,0.0042137764,0.0880022,0.13314596,0.11921641,3.7888914315189433,-0.06775401623663502,0.016034404768375587,0.061178165509132576,0.04724861962976856
3.0,0,0,3.6450760818002785,4.009583689980307,self,-0.9429586175143043,-1.052576,-0.4581461,-2.915934,-1.0784715,3.6450760818002785,-0.10961732833988269,0.4848125222384254,-1.972975468331643,-0.1355129238904198
3.0,0,1,0.7292292247050227,0.7292292247050227,cross,0.04432904935333237,0.025557438,0.02735159,0.09710992,0.07479383,3.6450760818002785,-0.018771611441702696,-0.01697745947989926,0.052780871923236994,0.03046478116062179
4.0,0,0,3.5631037201030855,3.9194140921133944,self,-0.9322387725182005,-1.2698101,-0.31278703,-2.8771276,-1.033753,3.5631037201030855,-0.33757130801005875,0.6194517463512846,-1.944888874881702,-0.10151426493449722
4.0,0,1,0.13386611320955666,0.13386611320955666,cross,0.039133691795064596,0.045739222,0.015710466,0.07182826,0.010315369,3.5631037201030855,0.0066055305228694405,-0.023423226185037282,0.03269456922273478,-0.028818322911752847
5.0,0,0,0.3087047297717991,0.339575202748979,self,-0.10985334301237588,-0.09503183,-0.095034435,-0.12630482,-0.10492136,0.3087047297717991,0.014821515324158721,0.014818907620949798,-0.016451477167563386,0.004931979718251281
5.0,0,1,1.8819985007030184,1.8819985007030184,cross,0.04151419659825402,0.052613392,0.17370874,0.17454207,0.057868686,0.3087047297717991,0.011099195874013132,0.1321945402982609,0.13302787283686562,0.016354488975085443
6.0,0,0,3.7171544995243555,4.088869949476791,self,-0.8516072825308353,-1.1819957,-2.308288,-2.908207,-1.4927709,3.7171544995243555,-0.3303884669427365,-1.4566808148507566,-2.0565996571664305,-0.6411636277322262
6.0,0,1,2.8660216082871126,2.8660216082871126,cross,0.038779321554311616,-0.095467664,0.5615052,0.1792116,0.06697446,3.7171544995243555,-0.13424698585570705,0.5227258769243871,0.14043228006064046,0.028195139524332183
7.0,0,0,3.0909924962908937,3.4000917459199833,self,-1.0034765908886392,-0.93567145,-0.97963536,-2.464232,-1.0245076,3.0909924962908937,0.0678051421810586,0.023841233031888676,-1.4607553770373862,-0.0210310509036582
7.0,0,1,1.1993874013724413,1.1993874013724413,cross,0.0614511973816229,0.014211715,0.083022356,0.17760576,0.049267597,3.0909924962908937,-0.04723948218256961,0.021571158651702296,0.116154565696113,-0.012183599885113347
8.0,0,0,2.167938065672564,2.3847318722398207,self,-1.160337689662875,-1.328643,-2.0886173,-1.6406276,-1.1092802,2.167938065672564,-0.16830527470022316,-0.9282796351662266,-0.48028993294149513,0.051057461048067854
8.0,0,1,1.443623883615599,1.443623883615599,cross,0.10593473984749463,0.28126073,0.44690484,0.32085285,0.11753681,2.167938065672564,0.17532598898856494,0.34097009823767993,0.21491810605971667,0.011602073173211547
9.0,0,0,2.1317730157206407,2.344950317292705,self,-0.5477625034278678,-0.4970376,-1.0412284,-1.5016185,-0.5733248,2.1317730157206407,0.0507249138778495,-0.49346591015398034,-0.9538560010963631,-0.025562296109790883
9.0,0,1,3.3319715942800516,3.3319715942800516,cross,0.010542582202161841,0.14824194,1.4394349,0.4556486,0.06942495,2.1317730157206407,0.1376993549583301,1.4288923037765369,0.4451060188529834,0.05888236738422961
10.0,0,0,2.896673295388551,3.186340624927406,self,-0.4969188982810364,-0.5261832,-1.6438441,-2.2059984,-0.4780346,2.896673295388551,-0.029264289680541955,-1.1469252293739929,-1.7090795224342956,0.018884312566696204
10.0,0,1,3.789242473211696,3.789242473211696,cross,-0.08253666798830041,-0.27611884,2.1849153,0.32936347,-0.12435312,2.896673295388551,-0.19358217675924294,2.2674519721722604,0.41190013329744346,-0.041816450252532875
11.0,0,0,1.8684418359279413,2.0552860195207354,self,-0.9215349122584623,-0.97699213,-1.09262,-1.4734765,-1.0310649,1.8684418359279413,-0.055457218021078725,-0.17108510288588585,-0.5519416168629366,-0.10952995571486535
11.0,0,1,0.3837193361130402,0.3837193361130402,cross,0.07691547917271807,0.050173458,0.090319425,0.22509973,0.07299969,1.8684418359279413,-0.026742021460783028,0.013403945694911934,0.14818424833868787,-0.003915785719406151
12.0,0,0,1.1058310230637503,1.2164141253701253,self,-0.4242335992126541,-0.45893082,-0.6828054,-0.6548963,-0.37714967,1.1058310230637503,-0.034697221014015234,-0.2585718197555466,-0.23066271969985203,0.04708392789650723
12.0,0,1,1.792377820337805,1.792377820337805,cross,0.14053151971151961,0.17005652,1.2831728,0.40586567,0.13894944,1.1058310230637503,0.029525002181027993,1.1426413261289345,0.26533414953896867,-0.0015820807819618143
13.0,0,0,0.12493179738181137,0.13742497711999252,self,-0.03799515955497197,-0.048713256,-0.031955056,-0.04107988,-0.039390642,0.12493179738181137,-0.010718096118674955,0.006040103662504473,-0.0030847192520958994,-0.001395482640968046
13.0,0,1,2.6551875235965072,2.6551875235965072,cross,0.00856345893220366,0.019530954,0.029704465,0.080627024,0.01604898,0.12493179738181137,0.010967494907217613,0.021141005667286508,0.07206356524153291,0.007485521944599739
14.0,0,0,0.39778935159849427,0.43756828675834375,self,-0.13896679463763612,-0.1429085,-0.10492346,-0.14610134,-0.15367109,0.39778935159849427,-0.003941704007192681,0.034043337730363776,-0.007134546013876031,-0.014704291196867059
14.0,0,1,3.486437123213688,3.486437123213688,cross,0.014550809587536217,0.0072328756,0.05917526,0.24247494,0.011163862,0.39778935159849427,-0.007317934024331929,0.04462445077747309,0.2279241338118931,-0.003386947165427567
15.0,0,0,3.176763074855631,3.494439382341194,self,-8.602532519301587,-8.389097,-2.5949585,-2.457694,-3.1523974,3.176763074855631,0.2134353055564695,6.007573975524121,6.144838465651684,5.450135125121289
15.0,0,1,3.4045875140282975,3.4045875140282975,cross,56.44075949398741,53.435757,2.4057863,0.27174035,3.7590702,3.176763074855631,-3.005002810637798,-54.03497321812376,-56.16901914684042,-52.68168933598265
16.0,0,0,1.695191282816114,1.8647104110977255,self,-1.1417121253472138,-0.9626051,-2.071522,-1.2097588,-1.1968917,1.695191282816114,0.1791070065956879,-0.9298098721045684,-0.0680466331977081,-0.05517954011146542
16.0,0,1,1.3790135755495156,1.3790135755495156,cross,0.1256523078589107,0.18817307,0.8654226,0.36527497,0.019700253,1.695191282816114,0.0625207626910542,0.73977029860929,0.23962265790418133,-0.10595205447658554
17.0,0,0,1.7314158883253952,1.9045574771579348,self,-1.05447611252214,-1.00013,-1.3852303,-1.3253648,-1.079724,1.7314158883253952,0.054346055187240117,-0.3307541902885289,-0.2708887155876012,-0.02524784167860461
17.0,0,1,0.6088644432095003,0.6088644432095003,cross,0.1025899527823499,0.1566944,0.15977392,0.2650451,0.15084215,1.7314158883253952,0.05410444454793421,0.05718396322373835,0.16245515362863033,0.04825219230298487
18.0,0,0,1.568314593458727,1.7251460528045999,self,-1.0363574183274933,-1.1235532,-1.5756837,-1.1607116,-1.0948435,1.568314593458727,-0.08719573852522888,-0.5393262946317963,-0.1243542277525238,-0.05848608848555603
18.0,0,1,0.7551123749568909,0.7551123749568909,cross,0.1175379494797149,0.015467067,0.27440974,0.29532164,0.11162119,1.568314593458727,-0.10207088223059561,0.15687179168353887,0.17778369387279364,-0.005916755891934897
19.0,0,0,1.8562035931324568,2.0418239524457027,self,-1.1844907889560379,-1.2397292,-2.2450974,-1.3277105,-1.3965281,1.8562035931324568,-0.05523837707484591,-1.0606066098018967,-0.14321972034419406,-0.21203733585322726
19.0,0,1,1.718557826509456,1.718557826509456,cross,0.11991345044671081,0.11647579,1.3127365,0.38753656,0.08068502,1.8562035931324568,-0.0034376597076513637,1.192823060783758,0.26762310508192994,-0.039228430953607785
20.0,0,0,1.9399303939031518,2.133923433293467,self,-1.1062127812221554,-0.99963987,-2.2936013,-1.407604,-1.3343652,1.9399303939031518,0.1065729124858883,-1.187388493268201,-0.3013911978885624,-0.22815246745795936
20.0,0,1,1.696079746727389,1.696079746727389,cross,0.09801450247324173,0.1894066,1.1085721,0.3759639,0.032770995,1.9399303939031518,0.09139210110151108,1.0105576229616338,0.2779493940397435,-0.06524350742257301
21.0,0,0,3.412839614270942,3.7541235756980367,self,-0.7997057767302401,-0.98673314,-0.5048983,-2.7491984,-0.98042,3.412839614270942,-0.18702736183100865,0.2948074670225985,-1.9494926600068205,-0.1807142166703336
21.0,0,1,0.5573986810098059,0.5573986810098059,cross,0.037812214149968285,0.04000872,0.02820341,0.10402286,0.056437995,3.412839614270942,0.002196505860550743,-0.009608804984824318,0.06621064637707029,0.018625781134827477
22.0,0,0,3.0730371795031868,3.3803408974535056,self,-0.4640425349276733,-0.49852395,-1.9005034,-2.3622615,-0.4911613,3.0730371795031868,-0.03448141564910895,-1.4364608620602417,-1.8982189988095093,-0.02711875190322882
22.0,0,1,3.8011632076313933,3.8011632076313933,cross,-0.16692020356926543,-0.23366456,2.3093219,0.2973321,-0.17064762,3.0730371795031868,-0.0667443537684955,2.476242083909842,0.4642523115900479,-0.0037274175855197267
23.0,0,0,3.616568907687117,3.978225798455829,self,-8.796924703857613,-6.6955214,-2.5169234,-2.816258,-0.7225042,3.616568907687117,2.10140334918232,6.280001276275826,5.980666750213814,8.074420505306435
23.0,0,1,3.9604522907767286,3.9604522907767286,cross,67.13760962885219,37.17934,2.359107,0.21084222,-0.20047367,3.616568907687117,-29.95826926630336,-64.7785026113351,-66.92676740687686,-67.33808329504329
24.0,0,0,1.1034784683849477,1.2138263152234425,self,-0.4174914981978526,-0.32375306,-0.5067063,-0.62576294,-0.38065273,1.1034784683849477,0.09373843928748271,-0.08921479919976094,-0.20827144125527242,0.03683877250128886
24.0,0,1,2.22088680773849,2.22088680773849,cross,0.10118354690221819,0.16614905,0.91416496,0.43591934,0.09685407,1.1034784683849477,0.06496550309511152,0.8129814134821507,0.3347357975229832,-0.004329478563347186
25.0,0,0,0.3041705205584302,0.33458757261427324,self,-0.10905382078215897,-0.114930004,-0.08881973,-0.12158025,-0.1031939,0.3041705205584302,-0.0058761830992954955,0.020234093480561377,-0.012526429779078363,0.00585991930291474
25.0,0,1,2.010974527380175,2.010974527380175,cross,0.04254702175516874,0.042067498,0.1557695,0.17492414,0.06963496,0.3041705205584302,-0.00047952378649503136,0.11322247540097445,0.13237711345296116,0.027087937346508204
26.0,0,0,1.4014164468534647,1.5415580915388112,self,-0.9553308994624465,-1.0038794,-1.0343075,-1.0830344,-0.997833,1.4014164468534647,-0.04854852844740454,-0.0789765803959519,-0.1277034967091233,-0.04250211407209936
26.0,0,1,0.11678725284172398,0.11678725284172398,cross,0.10113990748597132,0.13814522,0.0961045,0.2186235,0.122208,1.4014164468534647,0.03700531577395452,-0.005035404808053839,0.11748359655665411,0.021068091743459832
27.0,0,0,3.7534396907992282,4.128783659879152,self,-0.9679059662622356,-1.2925886,-1.5579962,-2.946891,-1.288186,3.7534396907992282,-0.324682625313387,-0.5900901875692464,-1.9789851031499959,-0.32027998783169753
27.0,0,1,2.3175003643777963,2.3175003643777963,cross,0.05412491888218473,0.030999219,0.22210227,0.15946242,0.12881958,3.7534396907992282,-0.023125699837141737,0.1679773506481116,0.10533750325030733,0.07469466596431185
28.0,0,0,3.663015822094521,4.029317404303973,self,-0.8486091449990434,-1.1347047,-0.76831555,-2.9065347,-1.2171503,3.663015822094521,-0.28609556405399617,0.08029359133388225,-2.0579255267844037,-0.3685411855444747
28.0,0,1,1.352508506180087,1.352508506180087,cross,0.047522692369729454,0.124606416,0.057307072,0.12815742,0.13286999,3.663015822094521,0.07708372325965746,0.009784379614084786,0.08063472957679613,0.08534729631015642
29.0,0,0,3.8919254003769117,4.281117940414603,self,-0.6944941748285094,-1.2913976,-0.34548393,-3.1040661,-1.1581249,3.8919254003769117,-0.5969033967352113,0.3490102459096709,-2.409571958670636,-0.4636307488775453
29.0,0,1,0.4174080366278683,0.4174080366278683,cross,0.026312132425141934,0.09481402,0.016757732,0.06771684,0.03809673,3.8919254003769117,0.06850188498990475,-0.009554400167894963,0.04140470450417935,0.01178459724085271
30.0,0,0,0.6437477890087204,0.7081225679095925,self,-0.6829683439870905,-0.6258636,-0.8913065,-0.44017076,-0.7133242,0.6437477890087204,0.05710473228893986,-0.20833817552127132,0.2427975790639948,-0.030355845199005693
30.0,0,1,0.05049091795603333,0.05049091795603333,cross,0.15083014253411173,0.11050713,0.20768096,0.17729999,0.16664575,0.6437477890087204,-0.04032301191124796,0.056850812995101224,0.02646984871592642,0.01581560786929251
31.0,0,0,0.22382301351702383,0.24620531486872624,self,-0.09391981414007833,-0.085149184,-0.1688456,-0.11524691,-0.12866762,0.22382301351702383,0.00877063027071645,-0.07492577978921244,-0.021327092736485698,-0.034747808664563395
31.0,0,1,0.650301076083946,0.650301076083946,cross,0.0800743836662763,0.1269428,0.3206158,0.102219656,0.13937701,0.22382301351702383,0.04686841482901637,0.2405414145686633,0.02214527244353358,0.05930262918257777
32.0,0,0,1.2279799778643508,1.3507779756507858,self,-0.4288890451153444,-0.5105111,-0.4391789,-0.67655075,-0.51417774,1.2279799778643508,-0.08162205517686139,-0.01028986871636639,-0.24766170084870587,-0.08528869450486432
32.0,0,1,3.614305778563288,3.614305778563288,cross,0.03437270471413447,0.025400411,0.30216268,0.5057823,-0.01156263,1.2279799778643508,-0.008972293376520411,0.2677899723355024,0.47140960148017097,-0.045935334316983954
33.0,0,0,1.4571542272613418,1.6028696499874762,self,-0.5155645398310236,-0.40960926,-0.5850058,-0.8845268,-0.43087327,1.4571542272613418,0.10595528165612733,-0.0694412799664923,-0.36896224935736144,0.08469126502786195
33.0,0,1,3.061176727057762,3.061176727057762,cross,0.062436089731900346,0.099623956,0.7504226,0.5028709,0.10060797,1.4571542272613418,0.037187866054327834,0.6879865071995572,0.4404348275883511,0.03817187913492476
34.0,0,0,0.4599319887335871,0.5059251876069458,self,-0.16541035999947282,-0.15844136,-0.13179316,-0.18189557,-0.1579282,0.4599319887335871,0.0069689952343055805,0.033617203733260353,-0.016485208967392723,0.007482161423499306
34.0,0,1,2.896022103428287,2.896022103428287,cross,0.025897150593913926,-0.009133475,0.11948115,0.26711553,0.007963435,0.4599319887335871,-0.035030625495232476,0.09358399574168788,0.24121838275798427,-0.017933715800858868
35.0,0,0,3.79749299971912,4.177242299691033,self,-1.1584135361809889,-1.0447286,-0.5097635,-3.021007,-1.176965,3.79749299971912,0.11368489943935067,0.6486500569482008,-1.8625935248236498,-0.0185514620642504
35.0,0,1,0.9177624040076418,0.9177624040076418,cross,0.055462930414112294,0.09982198,0.033273146,0.09585688,0.10702115,3.79749299971912,0.04435904690322093,-0.022189784857662403,0.04039395221766642,0.051558222559062755
36.0,0,0,0.6211361000118334,0.6832497100130168,self,-0.24732253265526788,-0.2969378,-0.2605554,-0.30872253,-0.25062326,0.6211361000118334,-0.049615260838002995,-0.013232853888006046,-0.06139999317976935,-0.0033007233128259927
36.0,0,1,1.6690690366189593,1.6690690366189593,cross,0.10781859566604457,0.071232155,0.5639869,0.29458144,0.055581626,0.6211361000118334,-0.036586440700643874,0.4561683018025223,0.1867628474053208,-0.052236970115059234
37.0,0,0,0.5526612374407396,0.6079273611848136,self,-0.20784217364624155,-0.19707713,-0.16913122,-0.23919114,-0.19192657,0.5526612374407396,0.010765048335343724,0.03871095425918711,-0.031348971058577174,0.01591560489967478
37.0,0,1,2.466836622129425,2.466836622129425,cross,0.04865268481678081,0.04366514,0.21865255,0.29964134,0.0046215313,0.5526612374407396,-0.004987543949547535,0.16999986158901143,0.25098865615421223,-0.04403115346810532
38.0,0,0,0.5269513230127156,0.5796464553139873,self,-0.19304822630628465,-0.18928283,-0.15037788,-0.20507751,-0.17481679,0.5269513230127156,0.0037653917764079448,0.042670341799105393,-0.012029287746106399,0.01823143906339525
38.0,0,1,3.9749624467859013,3.9749624467859013,cross,0.013904292867507767,0.0069178133,0.058463465,0.3098351,0.0005605828,0.5269513230127156,-0.0069864795403443095,0.044559172554884126,0.2959308132669069,-0.013343710077449661
39.0,0,0,0.6457475949474416,0.7103223544421858,self,-0.7227085122082182,-0.76831746,-0.93465424,-0.3986371,-0.7716415,0.6457475949474416,-0.045608948805575755,-0.21194572363162556,0.3240714260551878,-0.04893298063540974
39.0,0,1,0.5666617249210697,0.5666617249210697,cross,0.19974471285960008,0.191615,0.6467802,0.223505,0.23674822,0.6457475949474416,-0.008129712492435465,0.4470354799924202,0.023760292380840292,0.03700350567677688
40.0,0,0,0.22491947027553305,0.24741141730308638,self,-0.07347611991608716,-0.069096744,-0.05699643,-0.07963552,-0.07325316,0.22491947027553305,0.0043793758555707996,0.01647968871439076,-0.006159403343552583,0.00022295771086788818
40.0,0,1,2.565788664061576,2.565788664061576,cross,0.01673271078276319,0.020921007,0.06463713,0.13969462,0.015654163,0.22491947027553305,0.004188296015981013,0.04790442120623904,0.12296190541577655,-0.0010785473476616798
41.0,0,0,0.3136345993293763,0.34499805926231397,self,-0.10634977348329373,-0.10084166,-0.0814256,-0.10957617,-0.10647422,0.3136345993293763,0.005508117156046113,0.024924173729437074,-0.0032263996434038072,-0.00012444726942233142
41.0,0,1,3.4431602951477123,3.4431602951477123,cross,0.01103940293029944,0.011120343,0.042005785,0.1966661,0.020408517,0.3136345993293763,8.093971922000336e-05,0.030966381879289948,0.18562670365138847,0.009369113819440207
42.0,0,0,3.4403736444886808,3.7844110089375493,self,-0.7717297666739371,-1.0843593,-0.29980004,-2.7841432,-0.9635424,3.4403736444886808,-0.3126295215417001,0.4719297283362296,-2.01241344278346,-0.19181263511668178
42.0,0,1,0.20719198008471773,0.20719198008471773,cross,0.03193065590915517,0.038567763,0.016158564,0.08228193,0.01622209,3.4403736444886808,0.0066371069127575955,-0.015772091892932216,0.05035127632560893,-0.015708566380117694
43.0,0,0,2.907485510802476,3.198234061882724,self,-0.9159430595368119,-0.90661794,-0.5949152,-2.3587952,-0.80814725,2.907485510802476,0.00932512006461339,0.32102784833609777,-1.4428521064788131,0.10779580793082433
43.0,0,1,0.4592162689580346,0.4592162689580346,cross,0.048763773529855337,0.06133907,0.034599997,0.13751258,0.043728117,2.907485510802476,0.012575295627983485,-0.014163776426641073,0.08874880603042451,-0.0050356566301265615
44.0,0,0,3.635730660880643,3.9993037269687073,self,-8.714341746194524,-8.0553055,-2.7954428,-2.8342168,-4.4990144,3.635730660880643,0.6590362652374928,5.918898926599187,5.8801249130799,4.21532736860053
44.0,0,1,3.642777412451629,3.642777412451629,cross,60.39871248127813,9.87998,1.9651783,0.204309,6.989167,3.635730660880643,-50.51873239399786,-58.43353423001165,-60.19440347971315,-53.40954526783819
45.0,0,0,0.13693368120368232,0.15062704932405058,self,-2.1053357454018347,-0.75852156,-0.19117925,-0.07794305,-0.33660197,0.13693368120368232,1.3468141885475866,1.9141564996914617,2.027392696030592,1.7687337728218786
45.0,0,1,0.15033490402074978,0.15033490402074978,cross,2.640937376634782,1.8337349,0.16970888,0.05503918,0.3606853,0.13693368120368232,-0.8072025066778119,-2.471228498832887,-2.5858981980547364,-2.2802520877286847
46.0,0,0,3.67824545195455,4.046069997150005,self,-0.8859667864360812,-1.1063607,-0.4235199,-2.9455948,-1.0722847,3.67824545195455,-0.22039388746833777,0.4624468770542147,-2.059628001161575,-0.18631791205024695
46.0,0,1,0.5811081003860727,0.5811081003860727,cross,0.04124248937432065,0.04279707,0.023656871,0.08731386,0.0578287,3.67824545195455,0.0015545806222747316,-0.017585618204515124,0.04607137128051028,0.01658620893295512
47.0,0,0,3.670337268139258,4.037370994953184,self,-8.701005099395198,-8.72424,-2.65686,-2.8594615,-1.0549452,3.670337268139258,-0.02323520364435261,6.044144986251277,5.841543553450984,7.646059868911189
47.0,0,1,3.910412994580599,3.910412994580599,cross,61.137750601685134,60.552097,2.3217406,0.20263144,0.14812285,3.670337268139258,-0.5856532811284936,-58.816009974396316,-60.9351191579462,-60.9896277546049
48.0,0,0,0.7050706638025477,0.7755777301828025,self,-0.273443912075037,-0.35256162,-0.24847957,-0.3368563,-0.27849868,0.7050706638025477,-0.0791177107830105,0.02496433715629004,-0.06341239352417566,-0.005054767324453369
48.0,0,1,2.2608732262834157,2.2608732262834157,cross,0.07103547717476263,0.021600697,0.39452934,0.34880456,0.08442837,0.7050706638025477,-0.04943477998519316,0.3234938654766045,0.2777690861091576,0.01339289282416925
49.0,0,0,0.4926825274676965,0.5419507802144662,self,-0.17871349856539098,-0.18788292,-0.13465671,-0.18942292,-0.16050407,0.4926825274676965,-0.00916941657380732,0.044056786152556815,-0.010709421780869088,0.01820942566080419
49.0,0,1,3.7424522953987847,3.7424522953987847,cross,0.013503825046324304,0.011652084,0.058857,0.29196534,-0.023170792,0.4926825274676965,-0.0018517409788604295,0.04535317631790681,0.2784615105612044,-0.03667461661269622
50.0,0,0,2.38169594323393,2.6198655375573234,self,-1.1258723223219134,-1.1501496,-2.498064,-1.7955458,-0.9765468,2.38169594323393,-0.024277261494614955,-1.372191718815782,-0.6696734940995954,0.1493254983434893
50.0,0,1,2.006476479669087,2.006476479669087,cross,0.08701400283980996,0.19054776,0.9670922,0.3423127,0.06547815,2.38169594323393,0.10353376146149008,0.8800782131750521,0.25529869075607625,-0.021535849313026975
51.0,0,0,3.2178294321883025,3.539612375407133,self,-0.4456945386088887,-0.50724244,-2.2126358,-2.4885776,-0.59059113,3.2178294321883025,-0.06154790256847947,-1.7669412169300518,-2.0428830656849346,-0.14489659403194993
51.0,0,1,3.7135423559946483,3.7135423559946483,cross,-0.19052566969327392,-0.26407838,2.4415183,0.27060595,-0.19909188,3.2178294321883025,-0.07355270898409424,2.6320439764254515,0.46113162124089657,-0.008566211820321662
52.0,0,0,0.41535956126915696,0.4568955173960727,self,-0.17232017563786803,-0.17085172,-0.2759202,-0.21614133,-0.19917938,0.41535956126915696,0.0014684532782107407,-0.10360003663096132,-0.04382115257773103,-0.026859205494257826
52.0,0,1,0.9527662123744061,0.9527662123744061,cross,0.12242112742082407,0.0711909,0.5732847,0.18705976,0.120732315,0.41535956126915696,-0.051230226320188546,0.4508635581909008,0.06463863267286489,-0.0016888125361614464
53.0,0,0,2.909699086655494,3.2006689953210437,self,-1.0338656110266435,-0.99887073,-0.9944255,-2.33204,-0.95666,2.909699086655494,0.03499488062655809,0.03944013542926195,-1.2981744604607832,0.07720563835894945
53.0,0,1,0.9152416999516495,0.9152416999516495,cross,0.06765487833706382,0.026791139,0.06892024,0.17519882,0.05152049,2.909699086655494,-0.04086373976258281,0.001265361469111409,0.10754394487651345,-0.016134389180817638
54.0,0,0,2.2817750824112375,2.5099525906523614,self,-1.1473074530134677,-1.406503,-2.4727426,-1.6913983,-1.2431058,2.2817750824112375,-0.25919550909895905,-1.325435104512167,-0.5440908099641324,-0.09579831614394196
54.0,0,1,2.193293744418124,2.193293744418124,cross,0.08799269272142822,0.10914191,1.5710677,0.37233803,0.05713081,2.2817750824112375,0.021149215864597018,1.483074998127876,0.28434533404058043,-0.030861882848085706
55.0,0,0,1.4828631692928282,1.6311494862221112,self,-1.12634705488799,-1.0878695,-1.6071703,-1.0847989,-1.0783087,1.4828631692928282,0.038477529932240406,-0.48082328851105793,0.04154812281248943,0.048038353372792164
55.0,0,1,0.7423159370164147,0.7423159370164147,cross,0.13786779092675974,0.06790409,0.30949444,0.297826,0.12315436,1.4828631692928282,-0.06996369855529597,0.17162664486044119,0.15995820118063162,-0.01471343385106852
56.0,0,0,0.6610067828675059,0.7271074611542566,self,-0.24466445565773903,-0.23261428,-0.20204104,-0.27730998,-0.22742127,0.6610067828675059,0.012050176864404072,0.04262341082646309,-0.03264552831099571,0.0172431868369764
56.0,0,1,3.9906184734514993,3.9906184734514993,cross,0.016581511126075026,-0.027340665,0.07401079,0.36806315,-0.026195703,0.6610067828675059,-0.0439221765857079,0.057429278268303637,0.35148164071032023,-0.04277721420041108
57.0,0,0,0.947052470956224,1.0417577180518465,self,-0.35877542220807657,-0.3814604,-0.33296955,-0.4789891,-0.4055179,0.947052470956224,-0.022684976227516085,0.025805875890022367,-0.12021367228769675,-0.0467424837424697
57.0,0,1,2.9181856334116594,2.9181856334116594,cross,0.05574559249952702,0.04743495,0.34287265,0.43933076,0.0059786886,0.947052470956224,-0.00831064411476521,0.2871270569317016,0.3835851641647491,-0.04976690390184788
58.0,0,0,1.5836533909432693,1.7420187300375964,self,-0.5047879854584271,-0.52036095,-0.9163737,-1.0265075,-0.48338622,1.5836533909432693,-0.015572961196846369,-0.4115857442473835,-0.5217195113753742,0.021401766910606024
58.0,0,1,2.4150496976281524,2.4150496976281524,cross,0.08343722143436628,0.21619692,1.5762717,0.46723002,0.16206875,1.5836533909432693,0.13275970301364703,1.4928344317409876,0.3837928005192165,0.07863153300021929
59.0,0,0,1.1332319385289122,1.2465551323818036,self,-0.41711742539162977,-0.3874195,-0.39596698,-0.5979791,-0.42327836,1.1332319385289122,0.02969793338532789,0.02115044851060255,-0.18086170296911852,-0.006160936167284414
59.0,0,1,3.832895014375435,3.832895014375435,cross,0.0276850990214375,0.08796718,0.21934745,0.497171,0.007278841,1.1332319385289122,0.0602820806941959,0.19166234813546862,0.4694859155259105,-0.020406258032563063
60.0,0,0,0.6957978655957469,0.7653776521553216,self,-0.7382981372511249,-0.7490319,-1.0579019,-0.44393536,-0.7911828,0.6957978655957469,-0.010733764108433186,-0.31960372203232235,0.29436277276633793,-0.05288467877747005
60.0,0,1,0.4785843378936909,0.4785843378936909,cross,0.18110402868442738,0.14593478,0.52839196,0.22490522,0.18293615,0.6957978655957469,-0.03516925321274006,0.34728792859859264,0.043801193969915275,0.001832118170926933
61.0,0,0,1.0423741079240552,1.1466115187164607,self,-0.41180330677731797,-0.48624963,-0.61354256,-0.6035659,-0.38201246,1.0423741079240552,-0.07444631890551284,-0.20173924998537734,-0.1917625649382277,0.02979085012181565
61.0,0,1,1.7989398911748515,1.7989398911748515,cross,0.14949574228533846,0.18025208,1.1857033,0.39866662,0.12805104,1.0423741079240552,0.030756332909974038,1.0362075353025522,0.24917087796917814,-0.021444699728575767
62.0,0,0,0.09645527040989244,0.10610079745088169,self,-0.02877600817158528,-0.030850623,-0.023116957,-0.03002292,-0.02937365,0.09645527040989244,-0.002074614631387514,0.005659050775316435,-0.0012469110064237537,-0.0005976413361757221
62.0,0,1,3.038787772620198,3.038787772620198,cross,0.005047557376297776,0.017123088,0.015724113,0.0639164,0.02046339,0.09645527040989244,0.012075530864325699,0.010676555834737953,0.05886884269866102,0.015415832899538216
63.0,0,0,1.002474830138195,1.1027223131520145,self,-0.3695015506448519,-0.40230367,-0.33135232,-0.49997795,-0.40584502,1.002474830138195,-0.032802115231536644,0.03814922735116599,-0.1304763956365812,-0.0363434655962217
63.0,0,1,3.853010303003527,3.853010303003527,cross,0.02687232916064812,0.12393908,0.14205556,0.47259808,0.04772638,1.002474830138195,0.09706675286583351,0.11518322701744484,0.4457257467060511,0.020854052409452664
64.0,0,0,1.086096042654499,1.194705646919949,self,-0.41544023937713914,-0.4429967,-0.4145873,-0.585603,-0.46867877,1.086096042654499,-0.027556471161724994,0.0008529502822142154,-0.17016275935638137,-0.053238533072354266
64.0,0,1,2.819822517893862,2.819822517893862,cross,0.06990029524663699,0.004772661,0.49841514,0.46292835,-0.0047040214,1.086096042654499,-0.06512763445848835,0.42851484705110776,0.39302805949350583,-0.0746043166297139
65.0,0,0,1.2884474310018628,1.4172921741020492,self,-0.4724293892444105,-0.40210003,-0.5205731,-0.74900264,-0.3841378,1.2884474310018628,0.0703293626368971,-0.04814369034161853,-0.27657324623456286,0.08829157996782971
65.0,0,1,2.809161054379698,2.809161054379698,cross,0.07212479173815448,0.07527174,0.68929154,0.48560914,0.06904563,1.2884474310018628,0.003146948817608769,0.6171667450698595,0.4134843522342424,-0.0030791586605330157
66.0,0,0,2.6206269635459294,2.8826896599005227,self,-0.8220156884844281,-0.86959255,-0.56592226,-2.1482363,-0.7472884,2.6206269635459294,-0.047576858932258936,0.25609342820000425,-1.3262205862348102,0.07472728258919492
66.0,0,1,0.09251227448782151,0.09251227448782151,cross,0.04438777297486308,0.056685768,0.030097717,0.13033982,0.041533876,2.6206269635459294,0.012297995092973683,-0.014290055555596377,0.08595204323779104,-0.002853896764411952
67.0,0,0,0.21665723138791027,0.2383229545267013,self,-0.07166329584738998,-0.08346624,-0.06345054,-0.08394976,-0.07886081,0.21665723138791027,-0.011802943426158147,0.008212758225415034,-0.012286463755156712,-0.007197516041781621
67.0,0,1,1.8893878578357235,1.8893878578357235,cross,0.032352926852496335,0.029983554,0.117549844,0.12714627,0.04217188,0.21665723138791027,-0.0023693728170711484,0.08519691723367387,0.09479334699889833,0.009818953750340274
68.0,0,0,2.8522931591151908,3.13752247502671,self,-0.7988468062817596,-0.8534191,-0.66317725,-2.3050969,-0.8597993,2.8522931591151908,-0.05457231879834901,0.13566955446596374,-1.5062500584185576,-0.06095251918439637
68.0,0,1,0.5988277899619185,0.5988277899619185,cross,0.043558674351822105,0.055695277,0.043667067,0.15411618,0.032630265,2.8522931591151908,0.012136602355588708,0.00010839249049547639,0.1105575091675413,-0.010928409592758384
69.0,0,0,1.103704542323781,1.2140749965561592,self,-0.4244098911648819,-0.5165033,-0.6569326,-0.6496852,-0.3801948,1.103704542323781,-0.09209338327588346,-0.23252270122708585,-0.22527531286420133,0.04421507815180514
69.0,0,1,1.8412608280814373,1.8412608280814373,cross,0.14544675791060244,0.17095277,1.2505139,0.4095155,0.13466729,1.103704542323781,0.025506009223110332,1.105067153336651,0.2640687421580621,-0.010779465673320637
70.0,0,0,1.6046794889379252,1.7651474378317178,self,-1.1053183152854373,-1.1149521,-1.7296892,-1.1775241,-1.108103,1.6046794889379252,-0.009633772116906414,-0.6243709251701901,-0.07220577452779509,-0.002784721595055828
70.0,0,1,0.8995627917482851,0.8995627917482851,cross,0.13155349633857286,0.16370612,0.36458752,0.3121356,0.12943427,1.6046794889379252,0.03215262749031508,0.23303401925400222,0.1805821106655928,-0.0021192236916688645
71.0,0,0,1.1910974614589263,1.310207207604819,self,-0.4531341244348677,-0.4547603,-1.0899758,-0.74584347,-2.3780372,1.1910974614589263,-0.0016261885991898928,-0.6368417094579546,-0.2927093456617204,-1.9249030898443071
71.0,0,1,1.5363515966046912,1.5363515966046912,cross,0.16691191404207692,0.23767804,1.5474116,0.39037728,3.9106183,1.1910974614589263,0.07076612205163493,1.3804996469701911,0.22346536905423656,3.743706391164222
72.0,0,0,2.747420078899278,3.0221620867892063,self,-0.5211950004295095,-1.307831,-2.3260882,-2.085639,-3.5997717,2.747420078899278,-0.7866360485359446,-1.804893189649226,-1.5644439995094555,-3.0785767376228588
72.0,0,1,3.0502647954665028,3.0502647954665028,cross,-0.05998507433518775,17.220167,2.4219959,0.33776405,5.6602097,2.747420078899278,17.280152234369368,2.4819809525547925,0.3977491288720072,5.720194730096907
73.0,0,0,1.0531537221492404,1.1584690943641645,self,-0.39950065525572676,-0.38295853,-0.3811055,-0.55801487,-0.45340905,1.0531537221492404,0.01654212387602705,0.01839514287512678,-0.15851421443421465,-0.05390839067895037
73.0,0,1,2.8918379958827565,2.8918379958827565,cross,0.0492534706362708,0.012707712,0.43140364,0.46003366,-0.005833843,1.0531537221492404,-0.03654575850751237,0.38215016629610227,0.4107801845303552,-0.05508731342788772
74.0,0,0,1.6793433409418679,1.847277675036055,self,-0.5125656180218483,-0.48602456,-0.7477976,-1.082393,-0.51139873,1.6793433409418679,0.026541059477689366,-0.23523199035370101,-0.5698274321719383,0.0011668853596473738
74.0,0,1,3.12273722204557,3.12273722204557,cross,0.03026603498339236,0.07000479,0.93123466,0.49927163,0.12861493,1.6793433409418679,0.03973875603795468,0.9009686227810425,0.46900559625745236,0.09834889731526791
75.0,0,0,3.161200099672326,3.477320109639559,self,-0.8174532637099381,-1.0286177,-0.7856513,-2.5371983,-1.0049685,3.161200099672326,-0.2111644759674911,0.0318019375304337,-1.7197450414200668,-0.18751526026924892
75.0,0,1,0.899911949070729,0.899911949070729,cross,0.04571661067449395,0.079642765,0.04932808,0.14810057,0.06007446,3.161200099672326,0.033926154549486,0.003611470635301428,0.10238395916975196,0.014357849086887198
76.0,0,0,2.814858838803158,3.096344722683474,self,-0.8783606371965068,-0.9313666,-0.45483205,-2.3102312,-0.78142077,2.814858838803158,-0.05300598525146072,0.423528589972462,-1.4318705716047626,0.09693986988922532
76.0,0,1,0.021815263522510175,0.021815263522510175,cross,0.043639386811497594,0.03533761,0.023680393,0.11047644,0.023245856,2.814858838803158,-0.008301778503897572,-0.01995899415874758,0.06683705486988745,-0.02039353064561167
77.0,0,0,1.052412181804979,1.157653399985477,self,-0.4163393571925239,-0.43855056,-0.40490082,-0.5661419,-0.4570731,1.052412181804979,-0.02221120447396474,0.011438538129337261,-0.14980254620789724,-0.04073373526810842
77.0,0,1,2.6457700149583463,2.6457700149583463,cross,0.08536778170884513,0.02238849,0.541415,0.45027784,0.013676507,1.052412181804979,-0.06297929179192446,0.45604719441115,0.3649100534218464,-0.07169127431035899
78.0,0,0,1.9508869686068797,2.1459756654675677,self,-0.5263529903078319,-0.62471396,-1.0382771,-1.3417474,-0.5698836,1.9508869686068797,-0.09836096700189101,-0.5119241588926076,-0.8153944128370045,-0.0435305946683644
78.0,0,1,2.9668253749814766,2.9668253749814766,cross,0.009217682577663016,0.11479106,1.6035954,0.46663496,0.08720751,1.9508869686068797,0.10557337542623942,1.5943776934370464,0.4574172764048046,0.07798982848972742
79.0,0,0,0.2520051081900996,0.27720561900910956,self,-0.08395638735049682,-0.07622626,-0.06465536,-0.08876869,-0.083504915,0.2520051081900996,0.007730130562719872,0.01930102379077392,-0.0048123034740118475,0.00045147211307006163
79.0,0,1,2.783984060842158,2.783984060842158,cross,0.015830114714089856,0.030209986,0.058562595,0.15707599,0.02168894,0.2520051081900996,0.014379871778901591,0.04273248068314411,0.14124587155204632,0.005858825289424434
0.0,1,0,2.141057114407428,2.141057114407428,cross,0.08104312375797909,0.0010545662,0.68137044,0.29390255,0.041845117,2.7423195123374584,-0.07998855752083492,0.6003273133872541,0.21285942240939457,-0.03919800699367207
0.0,1,1,2.7423195123374584,3.0165514635712043,self,-1.1439692725086947,-0.8823184,-2.4452047,-2.1153085,-1.0114478,2.7423195123374584,0.2616508950138827,-1.3012354622935514,-0.9713392506694059,0.13252148522384366
1.0,1,0,2.1117841738566674,2.1117841738566674,cross,0.07087153040168755,0.039797846,0.37845582,0.24067876,-0.045529492,3.0717074673027036,-0.031073684173803254,0.30758428729774484,0.1698072270274354,-0.11640102260110848
1.0,1,1,3.0717074673027036,3.3788782140329743,self,-1.0284234390779077,-1.0710387,-2.006925,-2.4033008,-0.9956849,3.0717074673027036,-0.042615283914035684,-0.9785016669706763,-1.374877323098606,0.03273851733642208
2.0,1,0,3.7888914315189433,3.7888914315189433,cross,0.03330330557840691,-0.08812546,0.5658363,0.5171408,0.038242105,1.715872106661522,-0.12142876542824135,0.5325330048082508,0.4838375001428761,0.004938799816194911
2.0,1,1,1.715872106661522,1.8874593173276741,self,-0.5189909691214716,-0.6569206,-0.6913654,-1.0988835,-0.52589864,1.715872106661522,-0.13792964273689634,-0.17237445169685728,-0.5798925405144537,-0.006907666265949075
3.0,1,0,3.6450760818002785,3.6450760818002785,cross,0.02765200557796745,-0.056509115,0.114723384,0.390359,0.049682938,0.7292292247050227,-0.08416112037985114,0.08707137880237313,0.3627070086947224,0.02203093198449822
3.0,1,1,0.7292292247050227,0.8021521471755251,self,-0.27670171155860207,-0.26793125,-0.2247196,-0.32081988,-0.284779,0.7292292247050227,0.008770458840630269,0.05198211266925118,-0.04411817298004844,-0.008077300644614482
4.0,1,0,3.5631037201030855,3.5631037201030855,cross,0.004094587293869808,0.036321525,0.014369273,0.08914998,0.006689027,0.13386611320955666,0.03222693723677938,0.010274685333066629,0.08505539444326703,0.002594439657920048
4.0,1,1,0.13386611320955666,0.14725272453051233,self,-0.04020207333325168,-0.04474915,-0.032550715,-0.041313004,-0.038503457,0.13386611320955666,-0.004547074856769834,0.007651358423221316,-0.0011109304154036381,0.0016986164724709651
5.0,1,0,0.3087047297717991,0.3087047297717991,cross,0.08197135808393968,0.08372824,0.07816438,0.21464834,0.07533459,1.8819985007030184,0.00175688085629927,-0.0038069817654849403,0.1326769780881642,-0.006636764430260789
5.0,1,1,1.8819985007030184,2.0701983507733206,self,-0.9780280536919012,-0.932435,-0.97762334,-1.4934108,-1.0529107,1.8819985007030184,0.045593077590979525,0.00040471022418875346,-0.515382772037469,-0.07488263184734445
6.0,1,0,3.7171544995243555,3.7171544995243555,cross,-0.1381812553281125,-0.25947878,2.2026458,0.333721,6.520752,2.8660216082871126,-0.12129752231890592,2.340827033984118,0.4719022672051725,6.658933208453113
6.0,1,1,2.8660216082871126,3.152623769115824,self,-0.4977785731967438,-0.5182592,-1.6484598,-2.179436,-3.814514,2.8660216082871126,-0.0204806540791046,-1.1506812189404023,-1.6816573952023042,-3.316735348540927
7.0,1,0,3.0909924962908937,3.0909924962908937,cross,0.06548380730830651,0.020762851,0.4593618,0.4882745,0.08066456,1.1993874013724413,-0.04472095584653836,0.3938779843024113,0.4227907073668339,0.015180752890477364
7.0,1,1,1.1993874013724413,1.3193261415096855,self,-0.438902184887249,-0.47145545,-0.43899593,-0.66617787,-0.47874483,1.1993874013724413,-0.032553269939105955,-9.37426850013412e-05,-0.2272756839558296,-0.03984264977423474
8.0,1,0,2.167938065672564,2.167938065672564,cross,0.10440240728700664,0.20239678,1.5975174,0.45281407,-0.008024731,1.443623883615599,0.09799437296545002,1.4931149638906667,0.3484116650835225,-0.1124271380066326
8.0,1,1,1.443623883615599,1.5879862719771591,self,-0.5053662404728689,-0.39944333,-0.90600026,-0.916029,-0.52729124,1.443623883615599,0.10592291209228422,-0.4006340160655222,-0.41066273596756075,-0.021924997835083948
9.0,1,0,2.1317730157206407,2.1317730157206407,cross,0.07792131372344956,0.092165984,0.272432,0.2046581,-0.0145706795,3.3319715942800516,0.014244670489902647,0.19451068572151198,0.12673679224597945,-0.09249199323904976
9.0,1,1,3.3319715942800516,3.6651687537080573,self,-1.0877358771722956,-1.1479483,-1.8003429,-2.6191764,-1.1392298,3.3319715942800516,-0.06021238790338801,-0.7126070402700262,-1.5314405106145697,-0.05149389730280207
10.0,1,0,2.896673295388551,2.896673295388551,cross,0.06499819187827442,-0.16661802,0.5309843,0.17096211,-0.040788498,3.789242473211696,-0.23161621122069692,0.4659860906153169,0.10596391828350689,-0.1057866896540675
10.0,1,1,3.789242473211696,4.168166720532866,self,-1.0764134735054456,-1.2453161,-2.2999303,-2.9634447,-1.2870547,3.789242473211696,-0.16890267429881467,-1.223516860585741,-1.8870312362723864,-0.2106411844306506
11.0,1,0,1.8684418359279413,1.8684418359279413,cross,0.056058403136280535,0.05850703,0.24517286,0.2098774,0.06723478,0.3837193361130402,0.00244862583086157,0.1891144551019397,0.15381899845406677,0.011176373777839185
11.0,1,1,0.3837193361130402,0.42209126972434424,self,-0.13978858540502667,-0.11203556,-0.12486648,-0.16401595,-0.15531157,0.3837193361130402,0.027753027777348754,0.014922107259904144,-0.024227363367403748,-0.015522984166468384
12.0,1,0,1.1058310230637503,1.1058310230637503,cross,0.11158981402625005,0.2140297,0.40706313,0.3240755,0.0930088,1.792377820337805,0.10243988553773005,0.2954733125377758,0.21248567621003228,-0.01858101268519323
12.0,1,1,1.792377820337805,1.9716156023715856,self,-1.0833178479661238,-1.1023517,-1.8741856,-1.3270391,-1.0492595,1.792377820337805,-0.019033817530702324,-0.7908677141676652,-0.24372127461535809,0.03405830454723957
13.0,1,0,0.12493179738181137,0.12493179738181137,cross,0.04798318822587938,0.063265935,0.028183376,0.13044107,0.048132803,2.6551875235965072,0.015282746360645583,-0.019799811809315393,0.08245788137708693,0.0001496150652030015
13.0,1,1,2.6551875235965072,2.9207062759561584,self,-0.8894142989637548,-0.8735801,-0.54602593,-2.174496,-0.950888,2.6551875235965072,0.015834200811594146,0.34338836712858023,-1.2850816364763087,-0.061473679113180024
14.0,1,0,0.39778935159849427,0.39778935159849427,cross,0.035925942189798915,0.03488904,0.022124495,0.08985201,0.031809427,3.486437123213688,-0.0010369035376172897,-0.013801446832523906,0.05392607050408307,-0.0041165153456788894
14.0,1,1,3.486437123213688,3.835080835535057,self,-0.8489868390981855,-1.0545791,-0.44643572,-2.8109956,-1.0123371,3.486437123213688,-0.20559229965761283,0.40255111936971566,-1.9620087396676835,-0.1633502494867144
15.0,1,0,3.176763074855631,3.176763074855631,cross,0.04862807163456618,0.1371192,1.4712845,0.229992,0.13582107,3.4045875140282975,0.08849113217135729,1.422656437070573,0.18136393061419787,0.08719300261279406
15.0,1,1,3.4045875140282975,3.7450462654311276,self,-1.0162447375632406,-0.86317825,-2.8407462,-2.6529098,-1.1179461,3.4045875140282975,0.1530664843894125,-1.8245014267586588,-1.6366650181435465,-0.10170141035546054
16.0,1,0,1.695191282816114,1.695191282816114,cross,0.15755923931627028,0.3535052,1.6937444,0.41204098,0.2848431,1.3790135755495156,0.19594595487089403,1.5361851816889787,0.25448173935385,0.12728384788007982
16.0,1,1,1.3790135755495156,1.5169149331044673,self,-0.49767450210300496,-0.48034614,-1.2918885,-0.8944422,-0.5072735,1.3790135755495156,0.017328358857307935,-0.7942139733150859,-0.3967676985577006,-0.009598993094291186
17.0,1,0,1.7314158883253952,1.7314158883253952,cross,0.09936982862392282,0.062209778,0.5326793,0.29369804,0.08132624,0.6088644432095003,-0.0371600510899148,0.433309490757791,0.19432821400722647,-0.01804358981290674
17.0,1,1,0.6088644432095003,0.6697508875304503,self,-0.2448889995763048,-0.2866396,-0.25347054,-0.29798585,-0.19863303,0.6088644432095003,-0.04175060141589795,-0.008581540470387089,-0.05309685218837415,0.046255969519351375
18.0,1,0,1.568314593458727,1.568314593458727,cross,0.1323972970830793,0.13422292,0.8295923,0.32691026,0.17193684,0.7551123749568909,0.0018256276262407778,0.6971949904573564,0.19451296025639825,0.03953954273587518
18.0,1,1,0.7551123749568909,0.83062361245258,self,-0.30427454309892193,-0.305572,-0.39551643,-0.40410483,-0.3228442,0.7551123749568909,-0.0012974600272224746,-0.09124188227224811,-0.09983028573561176,-0.018569664187912782
19.0,1,0,1.8562035931324568,1.8562035931324568,cross,29.707857968447016,18.165401,1.8218296,0.41390088,3.6582592,1.718557826509456,-11.542456509706781,-27.886028411028192,-29.293957086441324,-26.049598815080927
19.0,1,1,1.718557826509456,1.8904136091604018,self,-7.620283263572291,-7.548498,-1.8842613,-1.1885635,-2.5329418,1.718557826509456,0.07178510988576736,5.73602201307638,6.431719797500208,5.087341445334986
20.0,1,0,1.9399303939031518,1.9399303939031518,cross,0.10711504953238604,0.2997853,1.942514,0.42339945,0.37263978,1.696079746727389,0.19267023665573957,1.8353988931861198,0.31628439886238935,0.26552472574379804
20.0,1,1,1.696079746727389,1.865687721400128,self,-0.5174169568429309,-1.0248439,-1.6848595,-1.1612291,-0.5417381,1.696079746727389,-0.5074269743551892,-1.1674425573935192,-0.6438121767630262,-0.024321136056391635
21.0,1,0,3.412839614270942,3.412839614270942,cross,0.02162575648475549,-0.017186627,0.097550906,0.31869587,-0.021160804,0.5573986810098059,-0.03881238327670953,0.07592514975618461,0.29707011653732396,-0.042786560220011684
21.0,1,1,0.5573986810098059,0.6131385491107866,self,-0.20924368347888087,-0.16787918,-0.16074444,-0.22563654,-0.21086761,0.5573986810098059,0.041364504358817084,0.04849923994307612,-0.01639285836453344,-0.0016239300751199892
22.0,1,0,3.0730371795031868,3.0730371795031868,cross,0.05887166551348917,0.08348405,0.67717385,0.17312114,-0.016068384,3.8011632076313933,0.0246123880982662,0.618302187407043,0.11424947389366873,-0.07494004956481211
22.0,1,1,3.8011632076313933,4.1812795283945325,self,-1.0143689808491618,-0.97149944,-2.398112,-2.9701068,-1.3081868,3.8011632076313933,0.04286953779496261,-1.3837430777903645,-1.9557378592845052,-0.2938177886363118
23.0,1,0,3.616568907687117,3.616568907687117,cross,0.03599240020196889,0.0611858,1.2401072,0.16191809,-0.0020251859,3.9604522907767286,0.025193399337120316,1.2041147784860804,0.12592568859178568,-0.038017586053349116
23.0,1,1,3.9604522907767286,4.356497519854401,self,-0.9894957311364142,-1.0408404,-2.6819727,-3.085761,-1.3437707,3.9604522907767286,-0.05134465620794615,-1.6924770109442742,-2.0962653391150505,-0.35427501127996763
24.0,1,0,1.1034784683849477,1.1034784683849477,cross,0.09315428871033066,-0.01432003,0.20778166,0.27650082,0.058677398,2.22088680773849,-0.10747431858745687,0.11462736886623032,0.18334653240325577,-0.03447689104196899
24.0,1,1,2.22088680773849,2.442975488512339,self,-1.0867273192603164,-1.151054,-1.5999966,-1.7192899,-1.2223884,2.22088680773849,-0.0643267054360337,-0.5132692475121445,-0.6325625796120591,-0.135661067466063
25.0,1,0,0.3041705205584302,0.3041705205584302,cross,0.07531736871461897,0.075948976,0.06825891,0.20336995,0.06469022,2.010974527380175,0.0006316072656628591,-0.007058457343387892,0.1280525765730855,-0.01062715133886366
25.0,1,1,2.010974527380175,2.2120719801181927,self,-1.0027810704006066,-0.86257136,-0.9435146,-1.6086911,-0.9218479,2.010974527380175,0.1402097117198815,0.05926648490561148,-0.6059100259052406,0.0809331905139794
26.0,1,0,1.4014164468534647,1.4014164468534647,cross,0.025317453279925857,0.037122194,0.09001451,0.06656423,0.036949944,0.11678725284172398,0.01180474044399115,0.06469705657677505,0.041246778831051316,0.011632490471170868
26.0,1,1,0.11678725284172398,0.12846597812589639,self,-0.03875059474197742,-0.051199723,-0.037107915,-0.047093682,-0.03371771,0.11678725284172398,-0.012449128293119699,0.0016426800557744203,-0.008343087249122888,0.005032884217179984
27.0,1,0,3.7534396907992282,3.7534396907992282,cross,-0.009002751893246293,0.09657646,1.2136998,0.43661103,0.1251607,2.3175003643777963,0.1055792115990759,1.222702569550717,0.4456137784187437,0.13416344601556074
27.0,1,1,2.3175003643777963,2.549250400815576,self,-0.5466580791038649,-0.5339891,-1.0388066,-1.668901,-0.46862668,2.3175003643777963,0.01266900725785658,-0.4921484785514696,-1.1222428875404222,0.07803140111390516
28.0,1,0,3.663015822094521,3.663015822094521,cross,0.03266779107107651,0.02074904,0.34538227,0.5174218,0.008942566,1.352508506180087,-0.011918751123089905,0.31271448212609754,0.4847539909456776,-0.02372522519036066
28.0,1,1,1.352508506180087,1.4877593567980958,self,-0.4798273718880458,-0.41749063,-0.4974485,-0.77855134,-0.4224991,1.352508506180087,0.0623367405461116,-0.017621132083054047,-0.2987239682151036,0.05732828145492508
29.0,1,0,3.8919254003769117,3.8919254003769117,cross,0.010961055920181477,0.014257,0.047187034,0.25528786,0.0044949274,0.4174080366278683,0.0032959439077399136,0.03622597812050799,0.24432679994338968,-0.006466128562299216
29.0,1,1,0.4174080366278683,0.45914884029065517,self,-0.1460275999875193,-0.1478288,-0.116250396,-0.15257572,-0.14443085,0.4174080366278683,-0.0018012024788732206,0.029777204212677988,-0.00654811638878533,0.001596754011643442
30.0,1,0,0.6437477890087204,0.6437477890087204,cross,0.01870658295707721,0.010133161,0.06797313,0.025097547,0.01389989,0.05049091795603333,-0.00857342174755353,0.04926654649419766,0.0063909641419170465,-0.0048066931824566755
30.0,1,1,0.05049091795603333,0.05554000975163667,self,-0.019186820643773892,-0.021531494,-0.028804637,-0.023996549,-0.018688718,0.05049091795603333,-0.0023446736905662034,-0.009617816847929141,-0.00480972808338084,0.0004981027867706801
31.0,1,0,0.22382301351702383,0.22382301351702383,cross,0.16160503693586561,0.12833536,0.30940968,0.19393207,0.22123364,0.650301076083946,-0.033269680223524306,0.1478046410464647,0.03232703439229753,0.05962859920495775
31.0,1,1,0.650301076083946,0.7153311836923407,self,-0.6861790029932889,-0.83692896,-0.96183234,-0.4306473,-0.814091,0.650301076083946,-0.15074996066790491,-0.275653341538724,0.2555316893984708,-0.12791202378970057
32.0,1,0,1.2279799778643508,1.2279799778643508,cross,0.053501553648064304,0.051733468,0.050709106,0.12611675,0.048035182,3.614305778563288,-0.0017680859201647525,-0.0027924476199843173,0.07261519897644741,-0.005466371589253116
32.0,1,1,3.614305778563288,3.975736356419617,self,-0.9716179525796614,-1.1712595,-0.72470903,-2.8742998,-1.0149182,3.614305778563288,-0.19964156985838788,0.24690891861359698,-1.9026818120535172,-0.04330025554259198
33.0,1,0,1.4571542272613418,1.4571542272613418,cross,0.06729561060124414,0.17634341,0.1273052,0.20008111,0.005931179,3.061176727057762,0.10904780060595495,0.060009584134282895,0.1327854993993662,-0.061364431562063865
33.0,1,1,3.061176727057762,3.3672943997635385,self,-1.0535009485163893,-0.91381407,-1.3198547,-2.4256666,-0.9587419,3.061176727057762,0.13968688067581314,-0.2663537878117357,-1.3721656221470628,0.0947590452113356
34.0,1,0,0.4599319887335871,0.4599319887335871,cross,0.051162277195187386,0.06038358,0.035978414,0.13856506,0.045832414,2.896022103428287,0.009221303429869834,-0.015183863076897439,0.08740278628137511,-0.005329863015147027
34.0,1,1,2.896022103428287,3.185624313771116,self,-0.8861709011493243,-0.9028709,-0.64751685,-2.349479,-0.9260605,2.896022103428287,-0.01669999232906927,0.23865405449252497,-1.463308058887907,-0.03988959661144842
35.0,1,0,3.79749299971912,3.79749299971912,cross,0.025652425799354023,0.06718152,0.15084581,0.4511679,0.035811804,0.9177624040076418,0.04152909436465889,0.12519338497163443,0.42551548549176843,0.010159378435627513
35.0,1,1,0.9177624040076418,1.009538644408406,self,-0.34430573482856985,-0.3755789,-0.29431367,-0.4410105,-0.33824584,0.9177624040076418,-0.03127317528381113,0.04999206562385794,-0.09670477013244394,0.006059895948030913
36.0,1,0,0.6211361000118334,0.6211361000118334,cross,0.10221648569131217,0.13105248,0.17911333,0.2712053,0.09086792,1.6690690366189593,0.028835993456598902,0.07689684276556649,0.16898882036184945,-0.011348563981297827
36.0,1,1,1.6690690366189593,1.8359759402808553,self,-1.0328927222908328,-0.9962969,-1.3837918,-1.2673818,-0.9377266,1.6690690366189593,0.03659583966143831,-0.3508990820228268,-0.23448906500927702,0.09516610543139681
37.0,1,0,0.5526612374407396,0.5526612374407396,cross,0.06339087287281799,0.086950324,0.06109582,0.18786791,0.07271533,2.466836622129425,0.023559451602947243,-0.0022950539955978316,0.12447703679705811,0.009324454270851143
37.0,1,1,2.466836622129425,2.713520284342368,self,-0.9272062700893895,-1.0426134,-0.8592144,-1.9846911,-0.9644155,2.466836622129425,-0.11540711701845963,0.0679918450024144,-1.0574848729464992,-0.037209220537899323
38.0,1,0,0.5269513230127156,0.5269513230127156,cross,0.03213348432061555,0.056453474,0.018627897,0.067967564,0.049263395,3.9749624467859013,0.02431998954537032,-0.013505587415670178,0.03583407954695342,0.017129911048437335
38.0,1,1,3.9749624467859013,4.372458691464492,self,-0.8083354402186798,-1.2665989,-0.3423859,-3.1593425,-1.1977087,3.9749624467859013,-0.4582634996769501,0.46594955211900935,-2.3510070871708466,-0.3893732857105805
39.0,1,0,0.6457475949474416,0.6457475949474416,cross,0.16534215570841435,0.8219894,0.71422046,0.21238469,0.83750516,0.5666617249210697,0.6566472613676965,0.5488783085211694,0.047042530165570945,0.6721630060538232
39.0,1,1,0.5666617249210697,0.6233278974131767,self,-0.25552563462290045,-1.3568069,-0.7229236,-0.33504817,-0.70775634,0.5666617249210697,-1.101281239652307,-0.46739794220891717,-0.07952253427472833,-0.45223070588079217
40.0,1,0,0.22491947027553305,0.22491947027553305,cross,0.05322103087724257,0.049228385,0.035642255,0.14652877,0.04844273,2.565788664061576,-0.003992645786414631,-0.017578775779614933,0.0933077346819539,-0.004778302059779652
40.0,1,1,2.565788664061576,2.8223675304677336,self,-0.8987061410381589,-0.8708882,-0.6638945,-2.093645,-0.9092477,2.565788664061576,0.027817967457989257,0.23481166653178076,-1.1949389547870364,-0.010541555361529786
41.0,1,0,0.3136345993293763,0.3136345993293763,cross,0.04136873267933182,0.0881673,0.01998834,0.087920636,0.038517687,3.4431602951477123,0.04679856963113495,-0.02138039328500084,0.04655190325931259,-0.002851045209610978
41.0,1,1,3.4431602951477123,3.787476324662484,self,-0.9042411804608088,-1.0453441,-0.38866612,-2.7820618,-1.026632,3.4431602951477123,-0.14110293384278005,0.5155750573090296,-1.877820634801032,-0.12239077087128347
42.0,1,0,3.4403736444886808,3.4403736444886808,cross,0.009078109680206106,0.036173478,0.02387935,0.13451827,0.009891277,0.20719198008471773,0.027095368088691903,0.014801239551513865,0.12544015604397601,0.0008131674989158653
42.0,1,1,0.20719198008471773,0.22791117809318953,self,-0.06593674795949409,-0.06543647,-0.052223403,-0.067596436,-0.06451198,0.20719198008471773,0.0005002804311508846,0.013713344952702017,-0.0016596875873809147,0.001424770823358984
43.0,1,0,2.907485510802476,2.907485510802476,cross,0.028575373726467762,-0.009166472,0.10778459,0.26694432,0.021147566,0.4592162689580346,-0.03774184538660494,0.07920921788873228,0.23836894528331312,-0.007427807810287151
43.0,1,1,0.4592162689580346,0.5051378958538381,self,-0.16869115581524258,-0.15996271,-0.12934165,-0.18137474,-0.15921357,0.4592162689580346,0.00872844209682827,0.03934950878631954,-0.012683587765575599,0.009477583074687768
44.0,1,0,3.635730660880643,3.635730660880643,cross,0.038377419449485285,5.3863287,1.9366996,0.20322093,0.21328904,3.642777412451629,5.347951277755104,1.8983222093804708,0.1648435142262807,0.17491161789735463
44.0,1,1,3.642777412451629,4.007055153696792,self,-0.9869650891124818,-7.484839,-2.800694,-2.83989,-1.2305381,3.642777412451629,-6.49787387344245,-1.813728899687567,-1.8529249140918638,-0.24357304069403674
45.0,1,0,0.13693368120368232,0.13693368120368232,cross,0.1169234391437359,0.6070318,0.17960529,0.059632774,0.17430328,0.15033490402074978,0.4901083830608539,0.06268185114995764,-0.05729066470130159,0.05737983918325232
45.0,1,1,0.15033490402074978,0.16536839442282478,self,-0.215910336736931,-0.9431324,-0.21576859,-0.086336106,-0.27646738,0.15033490402074978,-0.7272220637757643,0.00014174616743484192,0.12957423067499557,-0.060557046170936435
46.0,1,0,3.67824545195455,3.67824545195455,cross,0.016565577809660784,-0.01730666,0.08299761,0.33190617,-0.023002714,0.5811081003860727,-0.03387223718032156,0.06643203484550203,0.31534059184327806,-0.039568291728346694
46.0,1,1,0.5811081003860727,0.63921891042468,self,-0.21772163713808465,-0.18802284,-0.16927488,-0.23565926,-0.21823505,0.5811081003860727,0.029698800095276118,0.04844675565596032,-0.01793761943940711,-0.0005134085333783622
47.0,1,0,3.670337268139258,3.670337268139258,cross,0.04952662217111091,0.075380266,1.4568074,0.16851275,0.013983166,3.910412994580599,0.025853643541627128,1.4072807527831128,0.11898612452059289,-0.035543456325835984
47.0,1,1,3.910412994580599,4.30145429403866,self,-0.9899576650062359,-1.0686845,-2.7966,-3.047529,-1.3308938,3.910412994580599,-0.07872679372636904,-1.80664243837206,-2.0575713171562398,-0.3409360899528705
48.0,1,0,0.7050706638025477,0.7050706638025477,cross,0.0730268864290176,0.033411473,0.097480334,0.226178,0.07452028,2.2608732262834157,-0.03961541339320522,0.024453447912508433,0.15315111890869754,0.0014933960183205058
48.0,1,1,2.2608732262834157,2.4869605489117577,self,-0.9720819596669401,-1.0203369,-1.1242378,-1.7918153,-0.9955765,2.2608732262834157,-0.04825490671184407,-0.1521558161356722,-0.8197333212473665,-0.02349454122569905
49.0,1,0,0.4926825274676965,0.4926825274676965,cross,0.039757687893672296,0.05699036,0.020295866,0.07913235,0.049348753,3.7424522953987847,0.017232671084837607,-0.019461822059912988,0.039374660405354193,0.009591065051989249
49.0,1,1,3.7424522953987847,4.1166975249386635,self,-0.8808248543653066,-1.162557,-0.36155677,-2.9951794,-1.1005365,3.7424522953987847,-0.28173215151695663,0.5192680859479482,-2.114354560383839,-0.21971161127952987
50.0,1,0,2.38169594323393,2.38169594323393,cross,0.04880050454675313,-0.027112534,2.2286458,0.42614263,0.29477924,2.006476479669087,-0.07591303881644365,2.1798452969974362,0.3773421284145201,0.24597873653829935
50.0,1,1,2.006476479669087,2.207124127635996,self,-0.541333847532407,-0.5700701,-1.7328871,-1.4217355,-0.4348711,2.006476479669087,-0.0287362403772915,-1.1915533013247097,-0.8804016775988186,0.10646274019254798
51.0,1,0,3.2178294321883025,3.2178294321883025,cross,0.04377752016085751,0.12286669,0.97539204,0.18698898,0.005670943,3.7135423559946483,0.07908916999798649,0.9316145234296882,0.14321145941716068,-0.03810657732907302
51.0,1,1,3.7135423559946483,4.084896591594114,self,-0.9622472380396608,-0.9668199,-2.5863042,-2.9002938,-1.252618,3.7135423559946483,-0.004572644353222466,-1.6240569497349973,-1.9380465890172238,-0.29037071716816387
52.0,1,0,0.41535956126915696,0.41535956126915696,cross,0.15645911193658837,0.16486627,0.33374158,0.24949045,0.16523318,0.9527662123744061,0.008407156698207768,0.17728246354291907,0.093031342856388,0.00877406799028388
52.0,1,1,0.9527662123744061,1.0480428336118468,self,-0.8871654017897642,-0.7934286,-1.2970619,-0.6573219,-0.8002271,0.9527662123744061,0.09373680195532208,-0.4098965183762514,0.22984353146276837,0.08693829617224103
53.0,1,0,2.909699086655494,2.909699086655494,cross,0.042617113962714746,0.0469516,0.36371717,0.4315137,0.042617768,0.9152416999516495,0.0043344854564022275,0.3211000546068501,0.3888965829462361,6.540865253659711e-07
53.0,1,1,0.9152416999516495,1.0067658699468145,self,-0.3545921882068115,-0.35173988,-0.3150213,-0.4566477,-0.3395133,0.9152416999516495,0.0028523047839599247,0.039570881930490076,-0.10205550590405887,0.015078886357446253
54.0,1,0,2.2817750824112375,2.2817750824112375,cross,36.741257779069485,35.808346,1.944979,0.392431,11.0483,2.193293744418124,-0.932911984391751,-34.79627882666165,-36.34882678813511,-25.692957989640774
54.0,1,1,2.193293744418124,2.412623118859937,self,-8.031711424663266,-8.051342,-2.2832642,-1.6033777,-5.242171,2.193293744418124,-0.019630585834780945,5.748447264507016,6.428333724811276,2.789540613963803
55.0,1,0,1.4828631692928282,1.4828631692928282,cross,0.14778616759487012,0.11741969,0.8681985,0.31794345,0.17446099,0.7423159370164147,-0.030366477701147587,0.72041234638981,0.1701572861938872,0.026674824622193782
55.0,1,1,0.7423159370164147,0.8165475307180563,self,-0.30466277753564386,-0.3421726,-0.40979242,-0.4004999,-0.32084885,0.7423159370164147,-0.037509815342697816,-0.10512964571264716,-0.09583713258055182,-0.016186074860367494
56.0,1,0,0.6610067828675059,0.6610067828675059,cross,0.034935932998729886,0.013454658,0.020545037,0.07254545,0.029614327,3.9906184734514993,-0.021481275019420328,-0.014390895535422506,0.03760951345674878,-0.005321605523301305
56.0,1,1,3.9906184734514993,4.38968032079665,self,-0.8592992869040494,-1.2315384,-0.37220567,-3.1666434,-1.1050452,3.9906184734514993,-0.3722391280510897,0.48709361225576453,-2.307344094214725,-0.24574591249017663
57.0,1,0,0.947052470956224,0.947052470956224,cross,0.0717731479268914,0.024558073,0.0683688,0.1769472,0.08753922,2.9181856334116594,-0.047215075017178615,-0.0034043479424362977,0.1051740583318824,0.01576607043925468
57.0,1,1,2.9181856334116594,3.2100041967528257,self,-1.0726537078857412,-0.9921987,-0.8978836,-2.3370461,-1.0176699,2.9181856334116594,0.08045500221252344,0.17477011384963892,-1.264392438507081,0.05498379173278711
58.0,1,0,1.5836533909432693,1.5836533909432693,cross,0.08812549231817907,0.14129014,0.39341256,0.3004532,0.06115246,2.4150496976281524,0.05316465081403071,0.305287067906354,0.21232769371697718,-0.026973034127261097
58.0,1,1,2.4150496976281524,2.6565546673909677,self,-1.1129667718558343,-1.2682146,-2.0393536,-1.8552082,-1.2631785,2.4150496976281524,-0.15524781154107736,-0.9263868372292487,-0.7422413866372077,-0.15021169589471506
59.0,1,0,1.1332319385289122,1.1332319385289122,cross,0.053508989293119744,0.14254268,0.038376447,0.10338605,0.049543727,3.832895014375435,0.08903368584440009,-0.015132542479774788,0.049877062659719154,-0.003965262103817299
59.0,1,1,3.832895014375435,4.216184515812978,self,-1.0393981051169354,-1.2485386,-0.6175739,-3.0398002,-1.0762931,3.832895014375435,-0.20914050820246155,0.42182418820485656,-2.000402061966805,-0.03689500573053772
60.0,1,0,0.6957978655957469,0.6957978655957469,cross,0.14825937261662583,0.15773593,0.6727948,0.19246766,0.14593975,0.4785843378936909,0.00947655627646346,0.524535446261548,0.044208287095211934,-0.002319620157099772
60.0,1,1,0.4785843378936909,0.5264427716830601,self,-0.2118644267283179,-0.1716568,-0.516934,-0.2709385,-0.1626526,0.4785843378936909,0.04020762443167941,-0.30506955087559445,-0.059074059132506684,0.049211829896996184
61.0,1,0,1.0423741079240552,1.0423741079240552,cross,0.11596326721454875,0.12562835,0.35042822,0.3155367,0.08566964,1.7989398911748515,0.00966508495067342,0.23446495639537557,0.19957344042514547,-0.030293630488169354
61.0,1,1,1.7989398911748515,1.9788338802923369,self,-1.1539783656393665,-1.0972508,-1.8304962,-1.3397392,-1.0347903,1.7989398911748515,0.05672754643312872,-0.6765178263390881,-0.18576083781369745,0.11918808815828741
62.0,1,0,0.09645527040989244,0.09645527040989244,cross,0.04658407855402722,0.033503767,0.020736752,0.10060377,0.0317416,3.038787772620198,-0.013080311451070449,-0.025847326476090095,0.05401968818534122,-0.014842478070371291
62.0,1,1,3.038787772620198,3.3426665498822183,self,-0.9881158208205875,-0.99900156,-0.42991593,-2.4831896,-0.93797535,3.038787772620198,-0.010885741774779967,0.5581998860194858,-1.4950737620041195,0.050140473778503725
63.0,1,0,1.002474830138195,1.002474830138195,cross,0.052962183950530234,0.12735675,0.029916061,0.09590676,0.05008673,3.853010303003527,0.07439456880272752,-0.02304612286208743,0.04294457286776429,-0.0028754547220336824
63.0,1,1,3.853010303003527,4.23831133330388,self,-1.0726644398756602,-1.129524,-0.41849625,-3.0585427,-1.0825245,3.853010303003527,-0.05685955266279197,0.654168188769398,-1.985878288548412,-0.009860098164500952
64.0,1,0,1.086096042654499,1.086096042654499,cross,0.0701026974932251,0.057855163,0.092932194,0.20012574,0.11212637,2.819822517893862,-0.01224753472366906,0.022829496978134148,0.1300230414851608,0.04202367526134872
64.0,1,1,2.819822517893862,3.1018047696832483,self,-1.0565275040830133,-0.9299797,-1.110533,-2.245789,-0.94897985,2.819822517893862,0.12654782211432436,-0.054005494955682964,-1.1892615469728949,0.10754764949927309
65.0,1,0,1.2884474310018628,1.2884474310018628,cross,0.0638314126786551,0.19732659,0.12522408,0.2189997,0.08685369,2.809161054379698,0.13349517297178892,0.06139267098337799,0.1551682860794702,0.02302227776676803
65.0,1,1,2.809161054379698,3.090077159817668,self,-0.9760914667926764,-0.8925005,-1.2699909,-2.2233841,-0.98225933,2.809161054379698,0.083590947040174,-0.29389945422783137,-1.2472926751293207,-0.006167866341021067
66.0,1,0,2.6206269635459294,2.6206269635459294,cross,0.007570433437062269,0.015910398,0.02248304,0.060196165,0.012116283,0.09251227448782151,0.008339964777993196,0.014912606210278505,0.05262573155836963,0.004545849741267199
66.0,1,1,0.09251227448782151,0.10176350193660368,self,-0.027777626757368962,-0.035357717,-0.022779984,-0.029888013,-0.02647757,0.09251227448782151,-0.007580090667262156,0.0049976423576926395,-0.0021103866204167203,0.0013000570431803866
67.0,1,0,0.21665723138791027,0.21665723138791027,cross,0.07381500900573877,0.031434853,0.06623335,0.2027938,0.06669178,1.8893878578357235,-0.04238015637583879,-0.007581657179070986,0.12897879778556676,-0.00712323040552286
67.0,1,1,1.8893878578357235,2.078326643619296,self,-0.925851948863609,-0.7994419,-0.9496936,-1.5093886,-1.0281665,1.8893878578357235,0.1264100748363568,-0.02384167134131654,-0.5835366171535419,-0.1023145836528705
68.0,1,0,2.8522931591151908,2.8522931591151908,cross,0.04272680572003184,0.051117018,0.15866081,0.327408,0.061941598,0.5988277899619185,0.00839021214514913,0.11593400844603718,0.2846811802056426,0.019214791890680212
68.0,1,1,0.5988277899619185,0.6587105689581104,self,-0.22583827849602645,-0.26068807,-0.18775205,-0.25671214,-0.24084888,0.5988277899619185,-0.0348497879865175,0.03808622535443251,-0.030873860156775068,-0.015010605490446638
69.0,1,0,1.103704542323781,1.103704542323781,cross,0.11865318867399641,0.16401096,0.37464914,0.31923673,0.08601846,1.8412608280814373,0.045357768209434074,0.25599594858453323,0.20058353689477496,-0.03263473066523023
69.0,1,1,1.8412608280814373,2.0253869108895812,self,-1.133355818883326,-1.1131455,-1.8616447,-1.3722057,-1.062484,1.8412608280814373,0.020210348264124267,-0.728288925989721,-0.23884991536960376,0.07087179292812573
70.0,1,0,1.6046794889379252,1.6046794889379252,cross,0.13966018362883156,0.16577701,1.0597099,0.36087492,0.1499968,0.8995627917482851,0.026116829076971354,0.9200497229492324,0.22121473745461875,0.010336618581976237
70.0,1,1,0.8995627917482851,0.9895190709231138,self,-0.3580978377444943,-0.43051594,-0.52494484,-0.5068116,-0.36933288,0.8995627917482851,-0.07241810721323888,-0.16684700411723058,-0.14871378106043737,-0.011235042037228749
71.0,1,0,1.1910974614589263,1.1910974614589263,cross,0.12137314061029078,0.1393438,0.76434624,0.35281107,0.2207721,1.5363515966046912,0.017970657550262198,0.642973101340698,0.23143792768614171,0.09939896186487554
71.0,1,1,1.5363515966046912,1.6899867562651605,self,-1.0547223194803086,-0.99911654,-1.9602491,-1.0836864,-1.2302634,1.5363515966046912,0.05560577952516943,-0.9055267468725356,-0.028964032295814457,-0.17554103291379541
72.0,1,0,2.747420078899278,2.747420078899278,cross,0.07645821442835374,0.18445636,1.2473907,0.27375233,0.33748946,3.0502647954665028,0.10799814889199691,1.1709325326419588,0.19729411730534988,0.26103124150998547
72.0,1,1,3.0502647954665028,3.3552912750131534,self,-1.1830864987747693,-0.9435701,-2.7608485,-2.3628607,-1.079756,3.0502647954665028,0.23951642135548834,-1.57776202341151,-1.1797741808516955,0.10333047727513556
73.0,1,0,1.0531537221492404,1.0531537221492404,cross,0.0679575692595979,0.07366403,0.08363497,0.18884002,0.117261164,2.8918379958827565,0.005706462663219336,0.015677403312728766,0.12088244746308124,0.04930359463076389
73.0,1,1,2.8918379958827565,3.1810217954710325,self,-1.0436556524499763,-0.93672866,-1.0079975,-2.3084126,-0.97287214,2.8918379958827565,0.1069269961580146,0.035658139632593455,-1.2647568994299065,0.0707835144265998
74.0,1,0,1.6793433409418679,1.6793433409418679,cross,0.059912997504263134,-0.032213084,0.16909975,0.20735727,-0.036787927,3.12273722204557,-0.09212608190396329,0.10918675063034991,0.14744427500149707,-0.09670092465498945
74.0,1,1,3.12273722204557,3.435010944250127,self,-0.9134358797920171,-1.0779455,-1.4230273,-2.4654963,-0.98382634,3.12273722204557,-0.1645095910179194,-0.5095913972007807,-1.5520604218589837,-0.0703904594528254
75.0,1,0,3.161200099672326,3.161200099672326,cross,0.041321663134508614,0.08634041,0.25977457,0.43451363,0.042269457,0.899911949070729,0.04501874936301183,0.2184529025622077,0.39319196534830997,0.0009477939971156077
75.0,1,1,0.899911949070729,0.989903143977802,self,-0.34847812700959574,-0.3153584,-0.29543665,-0.43966517,-0.3417927,0.899911949070729,0.03311972666474711,0.05304147649499308,-0.09118704151419271,0.006685424334730017
76.0,1,0,2.814858838803158,2.814858838803158,cross,0.0013783739068561715,0.001226666,0.0040784674,0.014635743,0.0032982815,0.021815263522510175,-0.00015170787265687412,0.002700093469673999,0.013257368735129244,0.0019199075522816258
76.0,1,1,0.021815263522510175,0.023996789874761195,self,-0.006052597991131694,-0.005516211,-0.005115127,-0.0065829945,-0.0058625783,0.021815263522510175,0.000536386954538972,0.0009374708001841613,-0.0005303964885543279,0.00019001970713630398
77.0,1,0,1.052412181804979,1.052412181804979,cross,0.0790110227555726,0.106557034,0.107460655,0.2180993,0.1036098,2.6457700149583463,0.027546011200478268,0.028449632516434384,0.13908827333741447,0.024598777583172513
77.0,1,1,2.6457700149583463,2.9103470164541814,self,-1.1368847232266108,-0.90158665,-1.1664498,-2.0995526,-0.8908281,2.6457700149583463,0.23529807142454784,-0.029565062005933118,-0.962667908151563,0.24605665020186107
78.0,1,0,1.9508869686068797,1.9508869686068797,cross,0.08047590025122753,0.013538562,0.33431756,0.24673866,-0.043447103,2.9668253749814766,-0.06693733848984829,0.2538416647130669,0.166262757104081,-0.12392300360258213
78.0,1,1,2.9668253749814766,3.2635079124796245,self,-1.0677099573574473,-1.0200982,-2.003066,-2.3208976,-0.93867695,2.9668253749814766,0.04761174797634382,-0.9353561055697988,-1.253187621835668,0.12903300404171247
79.0,1,0,0.2520051081900996,0.2520051081900996,cross,0.047191241496139916,0.03577793,0.029931234,0.13090804,0.057344083,2.783984060842158,-0.011413311325842293,-0.017260007300311478,0.08371680069631919,0.010152841246789543
79.0,1,1,2.783984060842158,3.0623824669263744,self,-0.9315881368917296,-0.89358646,-0.573954,-2.271527,-0.8763043,2.783984060842158,0.03800168011606431,0.3576341507238219,-1.3399389150339296,0.05528380845010972
